{
  "Sku": "123-123-321",
  "SkuName": "Just for Test",
  "IsSticker": false,
  "Scene": {
    "jig": {
      "width_mm": 296.0,
      "height_mm": 394.5831
    },
    "slot_count": 8,
    "objects_count": {
      "images": 16,
      "text": 8
    },
    "Majors": [
      {
        "rect": {
          "x_mm": 100.0,
          "y_mm": 195.0,
          "width_mm": 196.0,
          "height_mm": 199.5831
        },
        "origin": {
          "x_mm": 11.76,
          "y_mm": 12.52
        },
        "slot_size": {
          "width_mm": 40.66,
          "height_mm": 28.9
        },
        "step_size": {
          "x_mm": 72.55,
          "y_mm": 47.85
        },
        "slot_count": 8
      }
    ]
  },
  "Frontside": [
    {
      "label": "Major 1",
      "slots": [
        {
          "label": "Slot 1",
          "x_mm": 243.58000000000004,
          "y_mm": 353.16310000000004,
          "w_mm": 40.66,
          "h_mm": 28.9,
          "z": -37,
          "objects": [
            {
              "type": "image",
              "path": "Just for Test/layer 0.png",
              "x_mm": 243.33666666666667,
              "y_mm": 355.37007591807907,
              "w_mm": 23.926514830508467,
              "h_mm": 40.65999999999999,
              "angle": 270.0,
              "z": -21,
              "amazon_label": "BITTE BILD HOCHLADEN !",
              "is_options": false,
              "is_static": false,
              "mask_path": "Just for Test/layer 0_mask_2.png"
            }
          ]
        },
        {
          "label": "Slot 2",
          "x_mm": 171.03000000000003,
          "y_mm": 353.16310000000004,
          "w_mm": 40.66,
          "h_mm": 28.9,
          "z": -38,
          "objects": [
            {
              "type": "image",
              "path": "Just for Test/layer 0.png",
              "x_mm": 170.78666666666666,
              "y_mm": 355.37007591807907,
              "w_mm": 23.926514830508467,
              "h_mm": 40.65999999999999,
              "angle": 270.0,
              "z": 8,
              "amazon_label": "BITTE BILD HOCHLADEN !",
              "is_options": false,
              "is_static": false,
              "mask_path": "Just for Test/layer 0_mask_2.png"
            }
          ]
        },
        {
          "label": "Slot 3",
          "x_mm": 243.58000000000004,
          "y_mm": 305.3131,
          "w_mm": 40.66,
          "h_mm": 28.9,
          "z": -39,
          "objects": [
            {
              "type": "image",
              "path": "Just for Test/layer 0.png",
              "x_mm": 243.33666666666667,
              "y_mm": 307.52007591807904,
              "w_mm": 23.926514830508467,
              "h_mm": 40.65999999999999,
              "angle": 270.0,
              "z": 9,
              "amazon_label": "BITTE BILD HOCHLADEN !",
              "is_options": false,
              "is_static": false,
              "mask_path": "Just for Test/layer 0_mask_2.png"
            }
          ]
        },
        {
          "label": "Slot 4",
          "x_mm": 171.03000000000003,
          "y_mm": 305.3131,
          "w_mm": 40.66,
          "h_mm": 28.9,
          "z": -40,
          "objects": [
            {
              "type": "image",
              "path": "Just for Test/layer 0.png",
              "x_mm": 170.78666666666666,
              "y_mm": 307.52007591807904,
              "w_mm": 23.926514830508467,
              "h_mm": 40.65999999999999,
              "angle": 270.0,
              "z": 10,
              "amazon_label": "BITTE BILD HOCHLADEN !",
              "is_options": false,
              "is_static": false,
              "mask_path": "Just for Test/layer 0_mask_2.png"
            }
          ]
        },
        {
          "label": "Slot 5",
          "x_mm": 243.58000000000004,
          "y_mm": 257.46310000000005,
          "w_mm": 40.66,
          "h_mm": 28.9,
          "z": -41,
          "objects": [
            {
              "type": "image",
              "path": "Just for Test/layer 0.png",
              "x_mm": 243.33666666666667,
              "y_mm": 259.6700759180791,
              "w_mm": 23.926514830508467,
              "h_mm": 40.65999999999999,
              "angle": 270.0,
              "z": 11,
              "amazon_label": "BITTE BILD HOCHLADEN !",
              "is_options": false,
              "is_static": false,
              "mask_path": "Just for Test/layer 0_mask_2.png"
            }
          ]
        },
        {
          "label": "Slot 6",
          "x_mm": 171.03000000000003,
          "y_mm": 257.46310000000005,
          "w_mm": 40.66,
          "h_mm": 28.9,
          "z": -42,
          "objects": [
            {
              "type": "image",
              "path": "Just for Test/layer 0.png",
              "x_mm": 170.78666666666666,
              "y_mm": 259.6700759180791,
              "w_mm": 23.926514830508467,
              "h_mm": 40.65999999999999,
              "angle": 270.0,
              "z": 12,
              "amazon_label": "BITTE BILD HOCHLADEN !",
              "is_options": false,
              "is_static": false,
              "mask_path": "Just for Test/layer 0_mask_2.png"
            }
          ]
        },
        {
          "label": "Slot 7",
          "x_mm": 243.58000000000004,
          "y_mm": 209.61310000000003,
          "w_mm": 40.66,
          "h_mm": 28.9,
          "z": -43,
          "objects": [
            {
              "type": "image",
              "path": "Just for Test/layer 0.png",
              "x_mm": 243.33666666666667,
              "y_mm": 211.82007591807906,
              "w_mm": 23.926514830508467,
              "h_mm": 40.65999999999999,
              "angle": 270.0,
              "z": 13,
              "amazon_label": "BITTE BILD HOCHLADEN !",
              "is_options": false,
              "is_static": false,
              "mask_path": "Just for Test/layer 0_mask_2.png"
            }
          ]
        },
        {
          "label": "Slot 8",
          "x_mm": 171.03000000000003,
          "y_mm": 209.61310000000003,
          "w_mm": 40.66,
          "h_mm": 28.9,
          "z": -44,
          "objects": [
            {
              "type": "image",
              "path": "Just for Test/layer 0.png",
              "x_mm": 170.78666666666666,
              "y_mm": 211.82007591807906,
              "w_mm": 23.926514830508467,
              "h_mm": 40.65999999999999,
              "angle": 270.0,
              "z": 14,
              "amazon_label": "BITTE BILD HOCHLADEN !",
              "is_options": false,
              "is_static": false,
              "mask_path": "Just for Test/layer 0_mask_2.png"
            }
          ]
        }
      ]
    }
  ],
  "Backside": [
    {
      "label": "Major 1",
      "slots": [
        {
          "label": "Slot 1",
          "x_mm": 243.58000000000004,
          "y_mm": 353.16310000000004,
          "w_mm": 40.66,
          "h_mm": 28.9,
          "z": -37,
          "objects": [
            {
              "type": "image",
              "path": "Just for Test/layer 0.png",
              "x_mm": 243.45871862768547,
              "y_mm": 355.4466459681083,
              "w_mm": 23.92651483050847,
              "h_mm": 40.66,
              "angle": 270.0,
              "z": 0,
              "amazon_label": "456456",
              "is_options": false,
              "is_static": false,
              "mask_path": "None"
            },
            {
              "type": "text",
              "label": "Text",
              "amazon_label": "Gib deinen gewünschten Text ein",
              "x_mm": 252.00315673372572,
              "y_mm": 357.1271716377809,
              "w_mm": 20.0,
              "h_mm": 10.0,
              "angle": -270.0,
              "z": 1,
              "label_fill": "#17a24b",
              "label_font_size": 6,
              "label_font_family": "Brontidev",
              "is_options": false,